Santa Catarina | Todos os Munic&iacute;pios
Munic&iacute;pio [-],C&oacute;digo [-],Gent&iacute;lico [-],Prefeito [2025],&Aacute;rea Territorial - km&sup2; [2023],Popula&ccedil;&atilde;o residente - pessoas [2022],Densidade demogr&aacute;fica - hab/km&sup2; [2022],Escolariza&ccedil;&atilde;o &lt;span&gt;6 a 14 anos&lt;/span&gt; - % [2010],IDHM &lt;span&gt;&Iacute;ndice de desenvolvimento humano municipal&lt;/span&gt; [2010],Mortalidade infantil - &oacute;bitos por mil nascidos vivos [2022],Total de receitas brutas realizadas - R$ [2023],Total de despesas brutas empenhadas - R$ [2023],PIB per capita - R$ [2021],
Abdon Batista,4200051,abdonense,LUCIMAR ANTONIO SALMORIA,237.517,2598,10.94,100,0.694,-,37360629.58,33455634.15,29646.51,
Abelardo Luz,4200101,abelardense,NERCI SANTIN,953.992,17392,18.23,97.1,0.696,15.38,126960250.10,114596565.80,43621.44,
Agrol&acirc;ndia,4200200,agrolandense,GIANFRANCO CHRISTIANO MOHR,206.815,10990,53.14,97,0.725,6.99,75407455.69,65713134.58,35492.31,
Agron&ocirc;mica,4200309,agronomense,VOLNEI RODRIGUES,129.774,6055,46.66,94.4,0.741,-,40712941.73,36789927.59,41807.92,
&Aacute;gua Doce,4200408,&aacute;gua-docense,GIOVANI LUIZ BRANDALISE,1319.137,6508,4.93,97.9,0.698,11.63,78707884.67,68519678.72,90930.69,
&Aacute;guas de Chapec&oacute;,4200507,aguense,OSCAR BARELA,139.511,6036,43.27,99.3,0.713,-,43518693.63,39012794.81,21040.34,
&Aacute;guas Frias,4200556,&aacute;guasfriense,WESLEY TERRIBILE,76.631,2839,37.05,100,0.745,-,34586347.27,31272965.10,69655.52,
&Aacute;guas Mornas,4200606,&aacute;guas-mornense,PEDRO FRANCISCO GARCIA,326.660,6743,20.64,98.7,0.723,24.39,48790610.58,44444660.00,30026.7,
Alfredo Wagner,4200705,alfredense,GILMAR SANI,733.489,10481,14.29,92.8,0.668,-,252430855.26,232270080.80,33191.8,
Alto Bela Vista,4200754,bela-vistense,ADIR FLAVIO SVIDERSKEI,103.433,1856,17.94,98.7,0.755,-,36837298.30,26883204.42,41248.18,
Anchieta,4200804,anchietense,MOACIR PEDRO PIOVEZANI,232.348,5943,25.58,99.8,0.699,-,43389354.52,38992786.85,37207.3,
Angelina,4200903,angelinense,ELISEU JOSE COELHO,499.998,5358,10.72,99.3,0.687,-,42220708.61,36484735.02,37247.98,
Anita Garibaldi,4201000,anita-garibaldense,HENRIQUE MENEGAZZO,589.812,8285,14.05,96.1,0.688,29.41,57012868.17,49405142.83,34127.28,
Anit&aacute;polis,4201109,anitapolitano,SOLANGE BACK,540.636,3593,6.65,98.5,0.674,-,34531643.69,29295976.23,26235.15,
Ant&ocirc;nio Carlos,4201208,ant&ocirc;nio-carlense,ON&Eacute;LIO RICHARTZ,234.422,11224,47.88,96.5,0.749,-,87846722.58,72863267.52,91422.34,
Api&uacute;na,4201257,apiunense,MARCELO DOUTEL DA SILVA,493.490,9811,19.88,97.8,0.708,14.39,77950766.30,70543905.63,40398.52,
Arabut&atilde;,4201273,arabutanense,OLGUIN RICARDO METZ,132.779,4378,32.97,99.6,0.733,-,49312095.06,44938547.02,66635.06,
Araquari,4201307,araquariense,LUDGERO JASPER JUNIOR,386.693,45283,117.10,96,0.703,6.58,404850702.12,348658109.20,183116.55,
Ararangu&aacute;,4201406,araranguaense,C&Eacute;SAR ANTONIO CESA,301.819,71922,238.30,98.4,0.760,16.11,316951555.33,281411834.80,34317.67,
Armaz&eacute;m,4201505,armazenense,LUIZ PAULO RODRIGUES MENDES,173.958,8834,50.78,98.4,0.770,-,59585173.45,47729352.80,30763.41,
Arroio Trinta,4201604,arroio-trintense,ANTONIO SERIGHELLI,93.530,3556,38.02,99.3,0.764,-,46675753.30,37187083.45,35505.67,
Arvoredo,4201653,arvoredense,AGENOR JOSE ZANCO,90.503,2510,27.73,97.6,0.715,33.33,37123845.14,30134505.43,91500.25,
Ascurra,4201703,ascurrense,ARAO JOSINO DA SILVA,112.884,8319,73.70,98,0.742,11.76,46228824.12,47411160.75,30537.45,
Atalanta,4201802,atalantense,CLAUDIO VOLNEI SENS,94.383,3227,34.19,98.9,0.733,26.32,33310182.40,27450995.14,39623.72,
Aurora,4201901,aurorense,VANDERLEI ZANDONAI,207.045,6780,32.75,99.3,0.733,23.26,46557566.22,43595552.35,71547.9,
Balne&aacute;rio Arroio do Silva,4201950,arroio-silvense,EVANDRO SCAINI,94.477,15820,167.45,98.1,0.746,10.36,90987086.38,83330750.38,16094.47,
Balne&aacute;rio Cambori&uacute;,4202008,balneocamboriuense,JULIANA PAVAN VON BORSTEL,45.214,139155,3077.70,98.3,0.845,5.6,1652862346.74,1585870278.00,49301.41,
Balne&aacute;rio Barra do Sul,4202057,barrassulense,ADEMAR HENRIQUE BORGES,108.914,14912,136.92,98.7,0.716,14.71,99318911.26,84107991.47,22583.61,
Balne&aacute;rio Gaivota,4202073,gaivotense,EVERALDO DOS SANTOS,146.834,15669,106.71,98.7,0.728,-,91449348.15,81745746.64,18802.13,
Bandeirante,4202081,bandeirantense,EDER LUIZ MARCON,148.074,3144,21.23,99.3,0.672,25,33282241.21,33682610.24,39039.04,
Barra Bonita,4202099,barrabonitense,AGNALDO DERESZ,92.561,1668,18.02,96.5,0.701,-,26731529.05,24696914.49,32170.94,
Barra Velha,4202107,barra-velhense,DANIEL PONTES DA CUNHA,138.947,45369,326.52,96.8,0.738,9.97,303952771.06,270478921.20,77674.67,
Bela Vista do Toldo,4202131,bela vistense,FRANCISCO CARLOS SCHIESSL,535.682,5872,10.96,98.9,0.675,13.33,47579978.08,40559482.76,30823.44,
Belmonte,4202156,belmontense,JAIR ANTONIO GIUMBELLI,93.852,2658,28.32,100,0.705,-,29788938.90,27629612.55,21255.57,
Benedito Novo,4202206,benedito-novense,JEAN MICHEL GRUNDMANN,388.291,10520,27.09,98.2,0.740,8,61396090.78,54691908.23,39514.66,
Bigua&ccedil;u,4202305,bigua&ccedil;uense,SALMIR DA SILVA,365.755,76773,209.90,96.9,0.739,10.56,423914160.34,392600384.60,37884.91,
Blumenau,4202404,blumenauense,EGIDIO MACIEL FERRARI,518.619,361261,696.58,97,0.806,10.28,2668259231.06,2525728735.00,56155.65,
Bocaina do Sul,4202438,bocainense,JO&Atilde;O EDUARDO DELLA JUSTINA,510.673,3515,6.88,96.8,0.647,27.03,36355515.45,31500829.57,38814.82,
Bombinhas,4202453,bombinense,ALEXANDRE DA SILVA,35.143,25058,713.03,99,0.781,9.68,289172803.93,266057589.00,41998.46,
Bom Jardim da Serra,4202503,bom-jardinense,PEDRO LUIZ OSTETTO,938.516,4026,4.29,97.9,0.696,62.5,43187621.39,44496094.02,77409.04,
Bom Jesus,4202537,bonjesuense,VILMAR PECCINI,63.883,2777,43.47,97.9,0.718,-,33424847.40,30094840.55,51609.65,
Bom Jesus do Oeste,4202578,bonjesuense,MARCIO JOSE STORCK,67.777,2187,32.27,100,0.712,-,31822885.63,28645776.94,34501.29,
Bom Retiro,4202602,bom-retirense,HELENA SCHILD DE OLIVEIRA,1057.034,8418,7.96,96.3,0.699,7.52,51958772.45,46234517.20,41595.46,
Botuver&aacute;,4202701,botuveraense,VICTOR JOSE WIETCOWSKY,296.256,5363,18.10,99,0.724,-,45384785.13,40508053.05,79794.37,
Bra&ccedil;o do Norte,4202800,bra&ccedil;o-nortense,LAURO BOEING JUNIOR,212.045,33773,159.27,98.9,0.778,11.56,205846611.36,191902375.30,50875.18,
Bra&ccedil;o do Trombudo,4202859,bra&ccedil;o trombudense,ADRIANO TREINATTI,89.411,4026,45.03,99,0.780,-,40171373.80,35734429.73,65924.69,
Brun&oacute;polis,4202875,brunopolitense,TANIA CONCEI&Ccedil;&Atilde;O BORTOLINI,336.439,2489,7.40,98.7,0.661,-,33517590.58,30710810.57,59513.45,
Brusque,4202909,brusquense,ANDRE VECHI,284.675,141385,496.65,98,0.795,6.5,793376972.91,753481067.00,62044.42,
Ca&ccedil;ador,4203006,ca&ccedil;adorense,ALENCAR MENDES,983.424,73720,74.96,96,0.735,15.07,412619809.79,408955981.10,58773.87,
Caibi,4203105,caibiense,EDER PICOLI,173.079,6304,36.42,98.7,0.728,-,48113354.08,40899540.87,51823.35,
Calmon,4203154,calmonense,HELIO MARCELO OLENKA,636.208,3443,5.41,95.6,0.622,42.55,41399078.31,38556252.46,29378.94,
Cambori&uacute;,4203204,camboriuense,LEONEL ARCANGELO PAVAN,210.568,103074,489.50,96.6,0.726,14.85,494340832.41,385769543.60,25718.35,
Cap&atilde;o Alto,4203253,cap&atilde;o altense,SADIANA ARRUDA MELO COELHO LOPES,1331.962,2625,1.97,99.3,0.654,-,39877859.47,35295541.42,95262.07,
Campo Alegre,4203303,campo-alegrense,RUBENS BLASZKOWSKI,499.216,12501,25.04,98.6,0.714,6.37,107702120.35,90587571.89,58375.96,
Campo Belo do Sul,4203402,campo-belense,C&Eacute;LIO PEREIRA,1025.638,7257,7.08,95.7,0.641,10.87,46493605.77,40698095.60,48338.42,
Campo Er&ecirc;,4203501,campo-erense,ROZANE BORTONCELLO MOREIRA,479.161,9623,20.08,98.7,0.690,14.81,65917839.49,55607162.43,52668.42,
Campos Novos,4203600,campos-novense,DIRCEU JOS&Eacute; KAIPER,1717.697,36932,21.50,97.3,0.742,22.02,276701608.82,242119800.00,70809.55,
Canelinha,4203709,canelense,DIOGO FRANCISCO ALVES MACIEL,151.008,12821,84.90,98.5,0.697,-,80641089.20,78574053.01,23547.81,
Canoinhas,4203808,canoinhense,JULIANA MACIEL HOPPE,1148.036,55016,47.92,98.8,0.757,8.24,284117986.70,250743250.10,40376.72,
Capinzal,4203907,capinzalense,AGUINALDO PEDRO PAGGI,244.057,23314,95.53,97.8,0.752,2.65,159417605.26,141763344.80,46110.8,
Capivari de Baixo,4203956,capivariense,CLAUDIR ANTONIO DE BITENCOURT,53.222,23975,450.47,97.6,0.767,12.4,134141054.57,122705493.70,52929.03,
Catanduvas,4204004,catanduvense,MONALISA RUARO,199.166,10566,53.05,96.2,0.714,10.36,70096922.30,69940223.77,47796.53,
Caxambu do Sul,4204103,caxambuense,EDI MARCOS ANTUNES DE MELLO,140.873,4614,32.75,96.1,0.691,-,42421390.39,36103814.14,47409.88,
Celso Ramos,4204152,celso-ramense,ALECSANDRO PELOZATTO,208.391,2805,13.46,99,0.719,-,1508002.80,8198707.70,24325.15,
Cerro Negro,4204178,cerronegrense,ADELAR JOS&Eacute; DE MORAIS,418.544,3317,7.93,96.3,0.621,-,34930876.20,30068714.59,46933.43,
Chapad&atilde;o do Lageado,4204194,lageadense,EUGENIO ANTONIO ROLING,124.866,2950,23.63,99.4,0.704,33.33,30798874.55,27662792.46,32372.27,
Chapec&oacute;,4204202,chapecoense,JO&Atilde;O RODRIGUES,624.846,254785,407.76,98.4,0.790,10.23,1656507811.74,1546147843.00,60166.46,
Cocal do Sul,4204251,sul-cocalense,ADEMIR MAGAGNIN,70.965,17240,242.94,98.8,0.780,15.54,124641295.66,113881205.50,52196.27,
Conc&oacute;rdia,4204301,concordiense,EDILSON MASSOCCO,799.194,81646,102.16,98.4,0.800,9.73,521641596.30,500729703.60,60241.75,
Cordilheira Alta,4204350,cordilheiraltense,WILSON LUIZ DA SILVA,83.556,4781,57.22,99.4,0.747,-,56328842.31,51441383.99,94779.48,
Coronel Freitas,4204400,freitense ou freitano,MARTA I&Ocirc;NE TOZETTO,233.698,10388,44.45,99.6,0.744,7.52,76461120.57,71374317.78,38539.31,
Coronel Martins,4204459,coronel martiense,MOACIR BRESOLIN,107.502,2065,19.21,99.3,0.696,-,30740268.41,24864007.83,22411.37,
Corup&aacute;,4204509,corupaense,EDDY EDGARD EIPPER,405.761,15267,37.63,99.1,0.780,-,96668498.59,103222436.80,48927.49,
Correia Pinto,4204558,correia-pintense,LUCIA RAQUEL RODRIGUES ORTIZ,647.388,15727,24.29,97.3,0.702,5.03,91657243.55,79884265.66,48011.32,
Crici&uacute;ma,4204608,criciumense,VAGNER ESPINDOLA RODRIGUES,234.865,214493,913.26,98.5,0.788,8.12,1359280638.45,1295306554.00,45871.13,
Cunha Por&atilde;,4204707,cunha-porense,LUZIA ILIANE VACARIN,220.099,10953,49.76,99.3,0.742,-,77371859.17,61702161.59,83184.26,
Cunhata&iacute;,4204756,cunhataiense,DIRCEU HOSS,54.811,1968,35.91,100,0.754,125,33762684.85,28338891.18,33782.2,
Curitibanos,4204806,curitibanense,KLEBERSON LUCIANO LIMA,949.865,40045,42.16,97.7,0.721,9.92,221928097.16,210554341.70,46834.52,
Descanso,4204905,descansense,JULIANO JUNIOR KASPER,287.057,8530,29.72,99.2,0.743,11.76,57352861.22,51023210.61,36746.79,
Dion&iacute;sio Cerqueira,4205001,cerqueirense,BIANCA MOREIRA MARAN BERTAMONI,378.843,15008,39.62,96.6,0.706,10.47,99721800.51,91090553.94,40805.41,
Dona Emma,4205100,donemense,ELLEN SIGRID SCHUENKE,178.157,4221,23.69,98.1,0.742,19.23,35694546.31,30547917.59,39232.06,
Doutor Pedrinho,4205159,pedrinhense,GELEADE GADIEL WOLLERT,374.205,3637,9.72,98.4,0.716,26.32,33484314.01,34375543.74,42194.15,
Entre Rios,4205175,entrerriense,EVANDRO ANTONIO DOS PASSOS,103.888,3402,32.75,97.3,0.657,-,32885182.31,28418712.35,18989.84,
Ermo,4205191,ermense,PAULO DELLA VECCHIA,65.311,2269,34.74,97.9,0.726,-,41323825.01,36328506.75,85741.16,
Erval Velho,4205209,ervalhense,LENITA DADALT FONTANA,208.841,4885,23.39,97.5,0.723,-,41911115.10,37047729.37,41403.62,
Faxinal dos Guedes,4205308,faxinalense,JADER ADRIEL DANIELLI,340.070,11192,32.91,97.4,0.758,-,101851192.97,88925275.03,71337.18,
Flor do Sert&atilde;o,4205357,flor-sertanense,VALDEMAR GRANDO,58.457,1783,30.50,99.1,0.708,-,27514092.29,26292348.67,40808.13,
Florian&oacute;polis,4205407,florianopolitano,TOPAZIO SILVEIRA NETO,674.844,537211,796.05,98.4,0.847,7.73,3339730905.10,3751883622.00,45602.98,
Formosa do Sul,4205431,formoense do sul,DOVALDO PALMORIO,100.408,2682,26.71,98.9,0.715,-,31959523.71,29078537.67,31692.37,
Forquilhinha,4205456,forquilhinhense,JOS&Eacute; CLAUDIO GON&Ccedil;ALVES,183.351,31431,171.43,98.3,0.753,2.08,221955168.27,201038668.40,44327.22,
Fraiburgo,4205506,fraiburgense,WILSON RIBEIRO CARDOSO JUNIOR,549.188,33481,60.96,98.1,0.731,12.48,208231162.61,180676019.20,34677.27,
Frei Rog&eacute;rio,4205555,frei rogeriense,IVO JOS&Eacute; MAZZUCO,158.775,2411,15.19,100,0.682,-,30042545.35,26947722.39,53228.76,
Galv&atilde;o,4205605,galv&atilde;oense,HILARIO JOS&Eacute; ROSIAK,139.836,3210,22.96,97.9,0.708,-,35692015.14,30579005.25,36868.88,
Garopaba,4205704,garopabense,JUNIOR DE ABREU BENTO,114.773,29959,261.03,99.6,0.753,5.88,201508868.79,194030284.80,32120.12,
Garuva,4205803,garuvense,PLOTINO DE BITENCOURT,503.595,18545,36.83,98,0.725,9.84,147235408.53,139980775.00,108052.68,
Gaspar,4205902,gasparense,PAULO NORBERTO KOERICH,386.616,72570,187.71,97.3,0.765,12.31,445330126.85,421652590.80,57793.4,
Governador Celso Ramos,4206009,gancheiro,MARCOS HENRIQUE DA SILVA,127.556,16915,132.61,97.9,0.747,4.74,178085887.45,178645678.30,30505.62,
Gr&atilde;o-Par&aacute;,4206108,gr&atilde;o-paraense,HELIO ALBERTON JUNIOR,334.362,6277,18.77,98.2,0.736,27.27,54026268.08,50392794.93,49711.35,
Gravatal,4206207,gravatalense,CLEINILS RODRIGUES DA SILVA,165.718,12435,75.04,98,0.757,16,65516679.56,53168231.92,33232.99,
Guabiruba,4206306,guabirubense,VALMIR ZIRKE,172.173,24543,142.55,97.6,0.754,9.49,135571039.27,127630938.90,50664.89,
Guaraciaba,4206405,guaraciabense,DOMINGOS MARCON,331.766,10796,32.54,99.4,0.751,19.61,83876882.37,72831324.89,45623.37,
Guaramirim,4206504,guaramirense,ADRIANO MARCEL ZIMMERMANN,267.514,46711,174.61,96.7,0.751,13.35,304932589.47,273448022.30,53769.65,
Guaruj&aacute; do Sul,4206603,guarujaense,ELIANE APARECIDA DE SOUZA FANTON,100.630,4829,47.99,98.2,0.730,18.18,43524032.71,38402625.58,38980.39,
Guatamb&uacute;,4206652,guatambuense,LUIZ ANDRE SPEROTTO,206.196,8425,40.86,98.8,0.717,-,65199082.44,51831436.46,75652.73,
Herval d'Oeste,4206702,hervalense,RONALDO LOREN&Ccedil;O DA ROSA,216.581,21724,100.30,97.4,0.758,7.09,133491201.67,124057913.30,27341.12,
Ibiam,4206751,ibianense,CAMILO CEZAR MINOSSO GATTI,146.009,2008,13.75,100,0.725,-,34572201.96,33764726.98,38731.28,
Ibicar&eacute;,4206801,ibicareense,ROBERTO SERGIO BESEN,156.439,3269,20.90,98.4,0.708,27.03,37508586.91,36385783.90,46101.95,
Ibirama,4206900,ibiramense,DU&Iacute;LIO GEHRKE,247.102,19862,80.38,98.8,0.737,-,108708920.08,94594638.13,31141.54,
I&ccedil;ara,4207007,i&ccedil;arense,DALVANIA PEREIRA CARDOSO,230.393,59035,256.24,96.4,0.741,10.22,352499030.21,330475384.20,60654.48,
Ilhota,4207106,ilhotense,JOEL JOSE SOARES,253.024,17046,67.37,97,0.738,10.99,126315473.84,117204614.50,83624.84,
Imaru&iacute;,4207205,imaruense,PATRICK CORREA,542.238,11881,21.91,97.5,0.667,31.91,52874334.53,56783023.32,25889.78,
Imbituba,4207304,imbitubense,MICHELL NUNES,181.577,52579,289.57,99.1,0.765,8.92,311293726.51,290850297.10,54744.62,
Imbuia,4207403,imbuiense,ANTONIO OSCAR LAURINDO,119.113,5982,50.22,99.7,0.713,12.66,41034523.47,36934102.55,41481.11,
Indaial,4207502,indaialense,SILVIO C&Eacute;SAR DA SILVA,430.799,71549,166.08,98.1,0.777,7.78,524026539.65,459125153.60,50804.13,
Iomer&ecirc;,4207577,iomerense,LUCI PERETTI,113.986,2877,25.24,100,0.795,-,42904023.94,37885510.98,76457.16,
Ipira,4207601,ipirense,MARCELO BALDISSERA,155.651,4578,29.41,99.5,0.736,22.73,38809989.35,40833561.24,24529.33,
Ipor&atilde; do Oeste,4207650,ipor&atilde;-oestino,MICHEL NEDEL BARTH,200.960,9335,46.45,98.8,0.759,9.71,67005783.68,57433713.45,41930.24,
Ipua&ccedil;u,4207684,ipua&ccedil;uense,NELSON BRISOLA,261.081,7730,29.61,95.7,0.660,21.28,54124261.63,49261690.56,42060.38,
Ipumirim,4207700,ipumiriense,VALDIR ZANELLA,245.921,7816,31.78,99.7,0.738,39.6,63100705.29,56657838.17,60897.95,
Iraceminha,4207759,iraceminhense,ROBERTO FORESTI,165.147,3986,24.14,98.9,0.722,-,42070816.82,36564173.10,34297.27,
Irani,4207809,iraniense,VANDERLEI CANCI,325.862,10195,31.29,98.2,0.742,14.71,66988247.21,61238242.85,26727.48,
Irati,4207858,iratiense,ODIRLEI CARLOS BERGAMASCHI,77.912,2069,26.56,97.8,0.707,-,30565152.86,28055710.13,30001.45,
Irine&oacute;polis,4207908,irineopolitense,JULIANO POZZI PEREIRA,589.698,10285,17.44,97.5,0.699,24,74662054.82,66962541.95,40421.58,
It&aacute;,4208005,itaense,CLEMOR ANTONIO BATTISTI,166.265,7067,42.50,98.4,0.771,13.16,95811554.38,80826593.83,66440.04,
Itai&oacute;polis,4208104,itaiopolense,IVAN RECH,1297.543,22051,16.99,97.3,0.708,12.7,126249983.55,117585827.70,47859.71,
Itaja&iacute;,4208203,itajaiense,ROBISON JOS&Eacute; COELHO,289.215,264054,913.00,97.9,0.795,10.79,2669719107.75,2521808864.00,210729.12,
Itapema,4208302,itapemense,CARLOS ALEXANDRE DE SOUZA RIBEIRO,58.210,75940,1304.59,98,0.796,11.8,610061560.30,652237282.70,41670.53,
Itapiranga,4208401,itapiranguense,ALEXANDRE GOMES RIBAS,281.782,16638,59.05,99.8,0.775,15.54,137136962.72,121645247.60,62122.97,
Itapo&aacute;,4208450,itapoaense,JEFERSON RUBENS GARCIA,245.394,30750,125.31,98.7,0.761,9.65,327784271.49,267678995.40,77581.19,
Ituporanga,4208500,ituporanguense,GEISON KURTZ,336.588,26525,78.81,98,0.748,12.08,87712184.02,130313284.30,54630.43,
Jabor&aacute;,4208609,jaboraense,CLEVSON RODRIGO FREITAS,182.483,4310,23.62,99.6,0.732,-,46080484.18,41252784.24,46508.96,
Jacinto Machado,4208708,jacinto-machadense,SANDER JUST,430.704,10624,24.67,98.3,0.716,16.67,64819361.31,62455610.21,51246.68,
Jaguaruna,4208807,jaguarunense,LAERTE SILVA DOS SANTOS,326.362,20375,62.43,97.3,0.721,18.45,138040639.54,136194770.50,41458.46,
Jaragu&aacute; do Sul,4208906,jaraguaense,JOS&Eacute; JAIR FRANZNER,530.894,182660,344.06,98.3,0.803,6.24,1318238503.32,1341922120.00,65295.54,
Jardin&oacute;polis,4208955,jardinopolense,SADI GOMES FERREIRA,68.499,1776,25.93,100,0.709,-,30834588.83,26016364.62,44286.54,
Joa&ccedil;aba,4209003,joa&ccedil;abense,VILSON SARTORI,241.637,30146,124.76,99.8,0.827,22.96,282546965.86,271413194.30,77597.18,
Joinville,4209102,joinvilense,ADRIANO BORNSCHEIN SILVA,1127.947,616317,546.41,97.3,0.809,6.54,3656974059.55,3649979764.00,74531.62,
Jos&eacute; Boiteux,4209151,jos&eacute;-boatense,GEOVANI LUNELLI,405.552,5985,14.76,98.3,0.694,21.74,42423961.11,37984691.28,25993.68,
Jupi&aacute;,4209177,jupiaense,VALDELIRIO LOCATELLI DA CRUZ,91.448,2555,27.94,99.1,0.719,-,29439840.99,25486786.56,42358.08,
Lacerd&oacute;polis,4209201,lacerdopolitano,HILARIO CHIAMOLERA,69.036,2248,32.56,99.6,0.781,-,24891096.69,18563074.91,61277.74,
Lages,4209300,lageano,CARMEN EMILIA BONF&Aacute; ZANOTTO,2637.660,164981,62.55,97.3,0.770,13.33,866858649.82,825038792.40,41846.27,
Laguna,4209409,lagunense,PETERSON CRIPPA DA SILVA,333.259,42785,128.38,97.7,0.752,20.41,215047228.98,195788939.90,23556.74,
Lajeado Grande,4209458,lajeado grandense,ANDERSON ELIAS BIANCHI,65.348,1702,26.05,96,0.771,45.45,30379408.51,26712870.83,42366.11,
Laurentino,4209508,laurentinense,AGENOR AVI,79.333,7932,99.98,97.6,0.749,20,50423496.95,47074037.15,62169.55,
Lauro M&uuml;ller,4209607,lauro-milense,VALDIR FONTANELLA,271.852,14381,52.90,98.7,0.735,25.81,96276061.00,85650137.72,27226.41,
Lebon R&eacute;gis,4209706,lebon-regense,MARCELO SPAUTZ,941.640,11472,12.18,95.3,0.649,-,72518439.84,66550395.53,34381.16,
Leoberto Leal,4209805,leobertense,MAICON SCHEIMANN,293.600,3330,11.34,98.9,0.686,24.39,35521094.72,28541624.93,40465.25,
Lind&oacute;ia do Sul,4209854,lindoiense,FLAVIO LUIZ BENINI,190.171,4549,23.92,98.1,0.743,-,42024329.55,35336922.19,33533.32,
Lontras,4209904,lontrense,RUBENS ROBERTO DOS SANTOS,197.586,12873,65.15,98.5,0.704,5.65,74687342.67,68616953.57,37301.37,
Luiz Alves,4210001,luizalvense ou  luiz-alvense,BERTOLINO BACHMANN,260.106,11684,44.92,96.7,0.737,10.53,91716590.02,88344187.41,59391.43,
Luzerna,4210035,luzernense,JULIANO SCHNEIDER,117.099,5794,49.48,99.6,0.789,16.13,50503638.49,43443775.88,51550.66,
Macieira,4210050,macieirense,SIMONE CAMPAGNIM ZANELLA,261.208,1778,6.81,94.1,0.662,-,33949061.51,30172597.56,33661.59,
Mafra,4210100,mafrense,EMERSON MAAS,1404.084,55286,39.38,98.9,0.777,13.39,309598391.54,292726945.80,43817.87,
Major Gercino,4210209,majorense,RODRIGO DOS SANTOS,306.058,3214,10.50,98,0.698,-,32812713.61,27871503.18,17931.82,
Major Vieira,4210308,major-vieirense,ALINE DAIANE RUTHES IARENHUK DA SILVA,520.816,7425,14.26,97.8,0.690,-,56645909.03,48343925.30,36581.74,
Maracaj&aacute;,4210407,maracajaense,ANIBAL BRAMBILA,62.902,7815,124.24,98.5,0.768,-,59128818.25,55229181.55,36595.2,
Maravilha,4210506,maravilhense,VINICIUS VENTURA,170.339,28251,165.85,97.7,0.781,5,178576053.38,160408049.50,67792.65,
Marema,4210555,maremense,MAURI DAL BELLO,104.184,2184,20.96,100,0.743,-,33422251.59,29340221.92,57602.29,
Massaranduba,4210605,massarandubense,MOACIR KASMIRSKI,374.459,17162,45.83,98.4,0.774,5.03,115591400.54,94503059.41,43380.49,
Matos Costa,4210704,matos-costense,DANUZA RODRIGUES,435.391,2761,6.34,98.4,0.657,-,30384573.25,26577143.42,25628.34,
Meleiro,4210803,meleirense,ANDERSON SCARDUELI,186.439,7006,37.58,99.7,0.738,-,53376306.69,46742667.22,48697.4,
Mirim Doce,4210852,mirindocense,BERNARDO PERON,337.991,2511,7.43,96.7,0.708,-,32038244.74,25842842.96,39625.65,
Modelo,4210902,modelense,BARBARA MILENA GELLER BARON,92.346,4080,44.18,100,0.760,-,38814185.05,37260124.18,40285.25,
Monda&iacute;,4211009,mondaiense,ELIZANDRO MAINARDI,200.276,10066,50.26,96.1,0.748,-,81778431.51,68349448.83,90503.33,
Monte Carlo,4211058,montecarlense,ALCIONE ROBERTO BUYNO,191.278,9117,47.66,98.6,0.643,5.99,54970829.56,51663497.79,23468.47,
Monte Castelo,4211108,monte-castelense,SIRINEU RATOCHINSKI,560.743,7736,13.80,98.4,0.675,-,47672558.04,44985804.21,28731.69,
Morro da Fuma&ccedil;a,4211207,fumacense,EDUARDO SARTOR GUOLLO,82.818,18537,223.83,98.1,0.738,24.79,122113748.44,111298972.00,50954.44,
Morro Grande,4211256,morrograndense,CLELIO DANIEL OLIVO,260.143,3010,11.57,100,0.701,-,33846395.97,26948131.51,50318.4,
Navegantes,4211306,navegantino,LIBARDONI LAURO CLAUDINO FRONZA,111.377,86401,775.75,97.4,0.736,8.45,652301872.29,646783464.30,71643.41,
Nova Erechim,4211405,nova-erechinense,IARA CRISTINA PERIN,65.087,5155,79.20,99.5,0.765,-,44817051.61,39462515.80,47845.46,
Nova Itaberaba,4211454,nova itaberadense,MARCIANO MAURO PAGLIARINI,137.388,4536,33.02,98.4,0.736,-,43209279.68,37019115.11,43777.23,
Nova Trento,4211504,nova-trentino,MAXILIANO DE OLIVEIRA,402.852,13727,34.07,99.1,0.748,-,106875653.76,101912005.00,46066.99,
Nova Veneza,4211603,veneziano,ANGELA MARIANA PANATO GHISLANDI DE MELO,295.063,13664,46.31,99.4,0.768,20.55,100214916.68,81995759.56,69255.25,
Novo Horizonte,4211652,novo-horizontino,NAUDIR JOSE CADORE,151.722,2643,17.42,100,0.706,76.92,33719947.34,27703074.74,50649.44,
Orleans,4211702,orleanense,FERNANDO CRUZETTA,549.859,23661,43.03,98.1,0.755,10.14,139486949.64,134107912.20,51296.22,
Otac&iacute;lio Costa,4211751,otaciliense,FABIANO BALDESSAR DE SOUZA,847.253,17312,20.43,96,0.740,4.52,132642868.20,125487571.00,51975.52,
Ouro,4211801,ourense,CLAUDIR DUARTE,213.543,7032,32.93,98.8,0.774,-,57845910.35,56462800.45,34837.08,
Ouro Verde,4211850,ouro-verdense,MOACIR MOTTIN,188.568,2181,11.57,98.1,0.695,-,33300726.79,28368700.02,62475.82,
Paial,4211876,paialense,ADELMO LUIS BRAATZ,86.048,1927,22.39,100,0.718,-,31786324.91,28336320.04,40380.45,
Painel,4211892,painelense,MARCIO JOS&Eacute; BRANCO DE ANDRADE,738.331,2215,3.00,97.4,0.664,-,31137714.52,29138259.85,36111.89,
Palho&ccedil;a,4211900,palhocense,EDUARDO FRECCIA,394.850,222598,563.75,97.6,0.757,9.49,1140819586.04,1009827858.00,45940.71,
Palma Sola,4212007,palma-solense,MARCIO SANSIGOLO,330.878,7605,22.98,98.7,0.704,17.54,53156290.65,47765786.98,45384.13,
Palmeira,4212056,palmeirense,SANDRO ALEX MASSELAI,289.097,2561,8.86,92.8,0.671,28.57,33505099.79,28036996.06,70290.94,
Palmitos,4212106,palmitense,GIOVANA GIACOMOLLI,351.051,15626,44.51,99,0.737,11.76,95148438.34,87893966.06,56599.05,
Papanduva,4212205,papanduvense,TAFAREL SCHONS,764.737,19150,25.04,98.1,0.704,12.82,117541314.27,97253971.17,43734.95,
Para&iacute;so,4212239,paraisense,GILBERTO BELEGANTE,180.338,4267,23.66,100,0.700,20,39835446.44,37867544.19,43632.07,
Passo de Torres,4212254,passo-torrense / passotorrense,VALMIR AUGUSTO RODRIGUES,92.638,12897,139.22,97.5,0.720,14.29,75574715.14,64466307.62,25600.25,
Passos Maia,4212270,passosmaiense,NEIMAR LUIZ NERVIS,617.092,4034,6.54,96.8,0.659,-,44213985.99,41324876.75,43019.07,
Paulo Lopes,4212304,paulo-lopense,FERNANDA RODRIGUES LEITE,446.165,9063,20.31,98.9,0.716,-,57876901.74,49021942.99,32715.7,
Pedras Grandes,4212403,pedras-grandense,AGNALDO FILIPPI,159.892,4245,26.55,98.8,0.728,22.22,38626736.59,44325020.82,61922.73,
Penha,4212502,penhense,LUIZ AMERICO PEREIRA,57.752,33663,582.89,97.6,0.743,6.86,214249666.53,211420438.90,30475.02,
Peritiba,4212601,peritibense,PAULO JOS&Eacute; DEITOS,96.168,2992,31.11,98.5,0.766,-,39563756.61,38688514.91,44253.39,
Pescaria Brava,4212650,bravense,LUIZ HENRIQUE CASTRO DE SOUZA,106.853,10190,95.36,-,-,-,52064013.41,61504158.80,11680.06,
Petrol&acirc;ndia,4212700,petrolandense,RODRIGO DE SOUZA,306.760,6716,21.89,99.3,0.716,-,42495100.24,37701647.27,38062.83,
Balne&aacute;rio Pi&ccedil;arras,4212809,pi&ccedil;arrense,TIAGO MACIEL BALTT,99.355,27127,273.03,95.5,0.756,5.18,326180555.46,291032283.60,62076.5,
Pinhalzinho,4212908,pinhalense,ALESSANDRO BELTRAME,128.726,21972,170.69,99.2,0.783,3.32,146903199.67,125809322.80,71746.97,
Pinheiro Preto,4213005,pinheirense,MAURO NEY OSMARIN,61.011,3473,56.92,100,0.777,-,45841315.64,43066551.14,62514.45,
Piratuba,4213104,piratubense,VANDERLEI WEBER,146.088,5769,39.49,99.7,0.758,28.17,72224157.47,62617211.23,220268.82,
Planalto Alegre,4213153,planaltoalegrense,EVANDRO CLEBER BET,63.100,2946,46.69,100,0.751,-,32689124.07,28811408.78,48822.21,
Pomerode,4213203,pomerodense,RAFAEL RAMTHUN,214.299,34289,160.01,98.7,0.780,14.56,343481103.23,254764510.10,81195.67,
Ponte Alta,4213302,ponte-altense,EDSON JULIO WOLINGER,575.170,4437,7.71,98.4,0.673,17.86,39540271.23,38360664.84,38051.45,
Ponte Alta do Norte,4213351,norte pontealtense,MICHEL MOREIRA DA SILVA,396.882,3210,8.09,97.9,0.689,-,32578214.54,31333330.90,48636.59,
Ponte Serrada,4213401,ponte-serradense,ADENIR FREITAS,560.731,10649,18.99,98.4,0.693,30.12,66853772.17,59611301.01,24929.88,
Porto Belo,4213500,porto-belense,JOEL ORLANDO LUCINDA,93.673,27688,295.58,97.4,0.760,6.04,290262471.76,249970306.30,65515.91,
Porto Uni&atilde;o,4213609,porto-unionense,JULIANO HASSAN,848.779,32970,38.84,98.2,0.786,5.24,170298307.54,146818499.00,32220.81,
Pouso Redondo,4213708,pouso-redondense,RAFAEL NEITZKE TAMBOZI,356.539,17123,48.03,98.6,0.720,18.35,86308998.60,80279963.35,40021.42,
Praia Grande,4213807,praia-grandense,ELISANDRO PEREIRA MACHADO,284.360,8270,29.08,99,0.718,19.8,66254025.89,61594822.90,30559.62,
Presidente Castello Branco,4213906,castelinense,NEIVA KLEEMANN TONIELO,65.433,1689,25.81,100,0.770,-,34676609.96,29841302.27,49750.06,
Presidente Get&uacute;lio,4214003,getulense,JACI JOS&Eacute; FILLAGRANNA BORTOLON,297.160,20010,67.34,98,0.759,16.78,113718618.30,102746346.20,54804.92,
Presidente Nereu,4214102,nereusense,JIMMI LESKE,224.748,2301,10.24,99.4,0.737,-,27914383.31,21815775.28,27528.44,
Princesa,4214151,princesense,DIANGELE FABIELE KLEIN MARMITT,85.598,2964,34.63,99.3,0.706,23.81,34926132.11,31679309.85,46068.84,
Quilombo,4214201,quilombense,JAKSOM NATAL CASTELLI,278.983,11022,39.51,97.3,0.730,6.54,72682592.02,66730194.08,47332.67,
Rancho Queimado,4214300,rancho-queimadense,TIAGO SCHUTZ,286.461,3279,11.45,98.4,0.753,-,50720045.65,40608335.86,57206.61,
Rio das Antas,4214409,rio-antense,GILVANE APARECIDA DE MORAES,314.913,6253,19.86,97.1,0.697,-,70134280.27,60269972.12,46469.64,
Rio do Campo,4214508,rio-campense,VIDAL BALAK,502.095,6452,12.85,99.3,0.729,12.2,48701425.81,43578701.27,36309.6,
Rio do Oeste,4214607,riense-do-oeste,BRUNO PESSATTI,245.057,7747,31.61,97.6,0.754,10.42,48869509.04,46324215.72,36560.56,
Rio dos Cedros,4214706,rio-cedrense,JORGE LUIZ STOLF,555.473,10865,19.56,96.4,0.729,-,80571624.04,75206581.58,39786.84,
Rio do Sul,4214805,rio-sulense,MANOEL ARISOLI PEREIRA,260.817,72587,278.31,96.5,0.802,9.06,482195728.61,451734798.30,50593.32,
Rio Fortuna,4214904,rio-fortunense,LINDOMAR BALLMANN,302.390,4847,16.03,99,0.806,14.29,41671399.81,38806055.43,65391.05,
Rio Negrinho,4215000,rio-negrinhense,CAIO CESAR TREML,907.420,39261,43.27,97.9,0.738,9.8,294751464.69,253508624.80,37822.98,
Rio Rufino,4215059,rio rufinense,ADEMAR DE BONA SARTOR,282.571,2397,8.48,99.2,0.653,-,33569492.05,29033157.04,28204.81,
Riqueza,4215075,riquezense,JULIANO LUIZ BORTOLANZA,191.061,4768,24.96,98.5,0.714,-,40632172.85,34852003.86,32629.64,
Rodeio,4215109,rodeiense,NEI PAULO VENTURI,129.001,12757,98.89,96.5,0.754,-,71085808.79,62999543.62,33485.74,
Romel&acirc;ndia,4215208,romelandino,JUAREZ FURTADO,223.333,4823,21.60,97.8,0.692,-,37741050.22,33009862.19,24284.48,
Salete,4215307,saletense,ANADIR KOCH BELLI,177.887,7489,42.10,98.7,0.744,9.8,68896626.67,60497225.04,41456.71,
Saltinho,4215356,saltinhense,EDIMAR NORONHA DE FREITAS,156.568,3632,23.20,98.6,0.654,-,38321592.57,37027780.14,25119.64,
Salto Veloso,4215406,velosoense,NEREU BORGA,104.531,4390,42.00,98.4,0.784,20.41,48427564.89,41426265.94,55697.51,
Sang&atilde;o,4215455,sang&atilde;oense,CASTILHO SILVANO VIEIRA,82.984,12882,155.23,94.9,0.700,12.74,73545760.34,65306850.34,35541.99,
Santa Cec&iacute;lia,4215505,ceciliense,CARLOS ENRIQUE GARCIA LANGER,1145.845,15546,13.57,96.8,0.698,27.03,98849014.18,98575126.35,38931.54,
Santa Helena,4215554,santaelenense,CLOVIS LAZAROTTO,81.004,2425,29.94,100,0.727,-,17598520.36,27104564.97,47568.58,
Santa Rosa de Lima,4215604,rosa-limense,SIUZETE VANDRESEN BAUMANN,203.218,2088,10.27,97.7,0.757,-,28600219.09,25708299.62,33855.46,
Santa Rosa do Sul,4215653,sul-santarrosense,ALMIDES ROBERG SILVA DA ROSA,150.299,9792,65.15,99.2,0.705,8.33,61252830.59,56098396.27,23706.37,
Santa Terezinha,4215679,terezinhense,VALQUIRIA SCHWARZ,715.551,8066,11.27,97.4,0.669,10.99,43246316.62,40456479.37,30704.73,
Santa Terezinha do Progresso,4215687,terezinhano,ELISEU ALVES DA SILVA,119.653,2576,21.53,98.5,0.682,30.3,32706447.18,25488985.63,28102.67,
Santiago do Sul,4215695,santiaguense,ALACIR DURANTE,73.335,1651,22.51,99,0.728,-,29396145.84,23169034.07,40030.46,
Santo Amaro da Imperatriz,4215703,santo-amarense,GUSTAVO JOSE DE ABREU,344.235,27272,79.22,99,0.781,11.36,183613893.44,168788388.40,52551.44,
S&atilde;o Bernardino,4215752,bernardinense,DALVIR LUIZ LUDWIG,149.891,2684,17.91,99.4,0.677,-,30750772.04,24993473.36,39373.42,
S&atilde;o Bento do Sul,4215802,s&atilde;o-bentense,ANTONIO JOAQUIM TOMAZINI FILHO,495.772,83277,167.97,97.8,0.782,6.83,580588215.10,520739093.10,54415.88,
S&atilde;o Bonif&aacute;cio,4215901,s&atilde;o-bonifacense,SAULO BUSS,461.438,2946,6.38,98.9,0.731,-,30510606.92,28220373.37,40278.89,
S&atilde;o Carlos,4216008,s&atilde;o-carlense,DELTON PAULO BALBINOT,162.120,10282,63.42,98.9,0.769,9.71,74639826.74,66002537.28,45458.73,
S&atilde;o Crist&oacute;v&atilde;o do Sul,4216057,s&atilde;o-cristovense,JAIME CESCA,345.903,6084,17.59,97.3,0.665,16.95,48144666.82,36990869.44,38928.81,
S&atilde;o Domingos,4216107,dominguense,M&Aacute;RCIO LUIZ BIGOLIN GROSBELLI,367.525,9226,25.10,98.2,0.765,9.35,59547351.05,46708565.55,47756.65,
S&atilde;o Francisco do Sul,4216206,francisquense,GODOFREDO GOMES MOREIRA FILHO,493.266,52674,106.79,98.5,0.762,16.05,575616205.15,497345816.70,155542.28,
S&atilde;o Jo&atilde;o do Oeste,4216255,s&atilde;o-joanense,S&Eacute;RGIO LU&Iacute;S THEISEN,163.747,6295,38.44,100,0.761,-,59181305.87,49795344.65,54990.07,
S&atilde;o Jo&atilde;o Batista,4216305,batistense,JULIANO PEIXER,200.765,32687,162.81,94.9,0.740,7.86,207384789.71,172741036.80,25923.12,
S&atilde;o Jo&atilde;o do Itaperi&uacute;,4216354,itaperiuense,ROV&Acirc;NI DELMONEGO,151.885,4463,29.38,98.6,0.738,-,44569463.63,40299139.13,89358.69,
S&atilde;o Jo&atilde;o do Sul,4216404,jo&atilde;o-sulense,ALEX SANDRO PEREIRA BIANCHIN,184.375,8668,47.01,98.3,0.695,-,50772506.67,44287189.58,38582.35,
S&atilde;o Joaquim,4216503,joaquinense,JOSE TEODORO DE SENA AMARAL,1888.634,25939,13.73,95.7,0.687,25.19,139669809.21,141710141.40,41474.58,
S&atilde;o Jos&eacute;,4216602,josefense,ORVINO COELHO DE &Aacute;VILA,150.499,270299,1796.02,97.5,0.809,7.96,1494465602.55,1310553535.00,54544.43,
S&atilde;o Jos&eacute; do Cedro,4216701,cedrense,FERNANDO J&Uacute;LIO WILL,280.760,14167,50.46,98.9,0.731,6.29,90152158.51,83169043.53,41136.18,
S&atilde;o Jos&eacute; do Cerrito,4216800,cerritense,TAINARA BARBOSA RAITZ,948.714,8708,9.18,96.8,0.636,20.41,47685770.38,46802754.93,39583.67,
S&atilde;o Louren&ccedil;o do Oeste,4216909,lourencense ou lourenciano,AGUSTINHO ASSIS MENEGATTI,356.193,24791,69.60,99,0.749,13.93,182194781.36,168331097.20,56707.72,
S&atilde;o Ludgero,4217006,s&atilde;o-ludgerense,PAULO SERGIO LORENZETTI,106.765,13509,126.53,99.1,0.755,23.7,102566104.62,86596443.77,66911.55,
S&atilde;o Martinho,4217105,s&atilde;o-martinhense,ANELISE WIEMES,224.566,3405,15.16,96.6,0.742,-,37330333.30,30002001.39,34550.76,
S&atilde;o Miguel da Boa Vista,4217154,boa-vistense,VANDERLEI BONALDO,72.755,1781,24.48,98.5,0.710,37.04,28712713.77,26842722.18,28035.68,
S&atilde;o Miguel do Oeste,4217204,miguel-oestino,VARDELIDIO EDENILSON ZANARDI,234.202,44330,189.28,97.7,0.801,12.94,257742235.19,227538350.40,52711.62,
S&atilde;o Pedro de Alc&acirc;ntara,4217253,alcantarense,CHARLES DA CUNHA,139.196,5776,41.50,98.4,0.734,-,46864159.21,39906209.18,16725.49,
Saudades,4217303,saudadense,MACIEL SCHNEIDER,205.781,10265,49.88,99.4,0.755,8.4,70109559.44,60871347.74,53385.25,
Schroeder,4217402,cheredense,JAIR BRIDAROLI,165.237,20061,121.41,98.2,0.769,15.38,115759433.56,103048474.70,33593.65,
Seara,4217501,searaense,GILBERTO DE MORAES GON&Ccedil;ALVES,309.627,18620,60.14,98.6,0.779,22.22,127892037.89,116441991.80,66924.22,
Serra Alta,4217550,serra-altense,RAFAEL MARIN,90.564,3303,36.47,100,0.773,25.64,35447081.42,33095604.94,36326.4,
Sider&oacute;polis,4217600,sideropolitano,ANGELO FRANQUI SALVARO,262.003,13714,52.34,99.4,0.774,-,89713365.17,82825054.92,47931.8,
Sombrio,4217709,sombriense,GISLANE DIAS DA CUNHA,143.457,29991,209.06,97.6,0.728,5.41,144168053.62,143648853.00,29282.87,
Sul Brasil,4217758,sul brasilense,VANDERLEI GALLINA,113.125,2832,25.03,99.3,0.707,-,33930894.38,34805108.31,34948.22,
Tai&oacute;,4217808,taioense,ARISTIDES ELOI VALENTINI,693.847,18310,26.39,97.4,0.761,11.03,126405286.16,110242982.20,45466.26,
Tangar&aacute;,4217907,tangaraense,ALDAIR BIASIOLO,390.044,8143,20.88,98.4,0.737,-,76530572.40,68657168.25,69474.97,
Tigrinhos,4217956,tigrinhense,SIDNEI CARLOS BERNHARD,56.962,2329,40.89,100,0.717,-,30771942.07,25068969.54,40814.27,
Tijucas,4218004,tijuquense,MAICKON CAMPOS SGROTT,279.159,51592,184.81,96.5,0.760,7.71,310961943.09,272151040.10,61114.71,
Timb&eacute; do Sul,4218103,timbeense,VILMAR MAFFIOLETTE,328.507,5386,16.40,98.3,0.720,-,56514184.52,52590360.23,29011.31,
Timb&oacute;,4218202,timboense,FL&Aacute;VIO GERMANO BUZZI,128.313,46099,359.27,98.2,0.784,6.01,297282234.21,279194329.90,55453.4,
Timb&oacute; Grande,4218251,timb&oacute;-grandense,ARI JOS&Eacute; GALESKI,596.344,7342,12.31,95.2,0.659,19.23,52310654.07,47532121.69,37894.78,
Tr&ecirc;s Barras,4218301,tr&ecirc;s-barrense,ANA CLAUDIA DA SILVEIRA QUEGE,436.496,19746,45.24,96.2,0.706,21.41,151793503.26,142780378.20,78265.31,
Treviso,4218350,trevisano,LUCIANO RUBENS MIOTELLI,156.610,3782,24.15,99.8,0.774,52.63,46512258.15,39732975.62,58025.97,
Treze de Maio,4218400,treze-maioense,JAILSO BARDINI,159.833,7362,46.06,97.1,0.729,-,48177973.47,46664081.55,28110.99,
Treze T&iacute;lias,4218509,treze-tiliense,ARMINDO ANSILIERO JUNIOR,185.937,8787,47.26,97.7,0.795,8.55,75754832.41,66803868.36,101924.63,
Trombudo Central,4218608,trombudense,MARLON GOEDE,109.648,7274,66.34,99.7,0.775,-,54254769.91,42324912.83,58343.18,
Tubar&atilde;o,4218707,tubaronense,ESTENER SORATTO DA SILVA JUNIOR,301.485,110088,365.15,98.8,0.796,13.17,574082231.05,506168572.50,44956.12,
Tun&aacute;polis,4218756,tunapolitano,MARINO JOSE FREY,132.939,4916,36.98,99.4,0.752,17.86,46798252.49,39834052.74,40447.82,
Turvo,4218806,turvense,HERIBERTO AFONSO SCHMIDT,235.104,13043,55.48,98.5,0.740,6.29,79604434.29,67453795.92,56408.72,
Uni&atilde;o do Oeste,4218855,uni&atilde;o-oestense,EVERALDO LUIS CASONATTO,92.857,2774,29.87,100,0.705,-,35586961.21,29912947.58,36007.99,
Urubici,4218905,urubiciense,LEANDRO DE SOUZA CORR&Ecirc;A,1021.371,10834,10.61,96.7,0.694,17.7,75284719.60,75949610.68,31497.18,
Urupema,4218954,urupemense,CRISTIANE MUNIZ PAGANI ALMEIDA,350.472,2656,7.58,99.7,0.699,43.48,32391396.89,26361815.11,36058.38,
Urussanga,4219002,urussanguense,STELA MARIS DE AGOSTIN TALAMINI,254.954,20919,82.05,97.6,0.772,4.33,125047595.21,118051906.80,50731.67,
Varge&atilde;o,4219101,vargeonense,AMARILDO PAGLIA,166.685,3634,21.80,94,0.686,-,43714542.99,37927379.57,56315.85,
Vargem,4219150,vargense,NELSON GASPERIN JUNIOR,350.606,2627,7.49,98.9,0.629,37.04,34214613.25,30970767.30,48655.31,
Vargem Bonita,4219176,vargembonitense,NADIR PONTIN,299.807,4576,15.26,99.3,0.718,15.87,55814357.49,50681758.58,122393.1,
Vidal Ramos,4219200,vidal-ramense,LAERCIO DA CRUZ,346.932,6189,17.84,99.3,0.700,13.7,52635129.07,47455874.66,56130.12,
Videira,4219309,videirense,WILMAR CARELLI,384.126,55466,144.39,96.9,0.764,7.23,410516865.77,360395139.50,63823.38,
Vitor Meireles,4219358,vitor-meirelense,MARCELO DAROLT,370.414,5370,14.50,96.9,0.673,-,38003462.74,34464325.86,28993.17,
Witmarsum,4219408,witmarsumense,PAUL ZERNA,153.776,4255,27.67,98.1,0.710,19.23,36195903.07,32288725.57,43449.39,
Xanxer&ecirc;,4219507,xanxerense,OSCAR MARTARELLO,377.426,51607,136.73,98.6,0.775,8.13,276961065.11,252191101.60,51194.26,
Xavantina,4219606,xavantinense,VALDENIR JOSE MARCHIORO,218.032,3653,16.75,99.4,0.749,-,46333896.40,42290035.03,54703.92,
Xaxim,4219705,xaxiense,EDILSON ANTONIO FOLLE,293.627,31918,108.70,96.4,0.752,11.16,204924306.09,193112170.70,50967.99,
Zort&eacute;a,4219853,zorteense,ROSANE ANTUNES PIRES INFELD,190.179,3930,20.66,98.9,0.761,18.87,38320241.65,35608656.38,30199.01,
Balne&aacute;rio Rinc&atilde;o,4220000,balneo-rinconense,LUIZ GUSTAVO DA LUZ NETO,63.420,15981,251.99,-,-,19.8,105612070.57,106341535.10,22440.07,